"id","firstName","lastName","email","first_name","last_name"
"1","Alice","Johnson","alice.johnson@example.com","",""
"2","Bob","Smith","bob.smith@example.com","",""
"3","Charlie","Brown","charlie.brown@example.com","",""
"4","David","Williams","david.williams@example.com","",""
"5","Eve","Davis","eve.davis@example.com","",""
"6","Frank","Miller","frank.miller@example.com","",""
"7","Grace","Wilson","grace.wilson@example.com","",""
"8","Hannah","Moore","hannah.moore@example.com","",""
"9","Ian","Taylor","ian.taylor@example.com","",""
"10","Jack","Anderson","jack.anderson@example.com","",""
"11","Kate","Thomas","kate.thomas@example.com","",""
"12","Leo","Jackson","leo.jackson@example.com","",""
"13","Mia","White","mia.white@example.com","",""
"14","Nina","Harris","nina.harris@example.com","",""
"15","Oscar","Martin","oscar.martin@example.com","",""
"16","Paul","Thompson","paul.thompson@example.com","",""
"17","Quinn","Garcia","quinn.garcia@example.com","",""
"18","Rita","Martinez","rita.martinez@example.com","",""
"19","Steve","Robinson","steve.robinson@example.com","",""
"20","Tina","Clark","tina.clark@example.com","",""
"21","","","goty@gmail.com","Balatro","Balatrez"
